RegionID,SizeRank,RegionName,RegionType,StateName,State,Metro,CountyName,1/31/15,2/28/15,3/31/15,4/30/15,5/31/15,6/30/15,7/31/15,8/31/15,9/30/15,10/31/15,11/30/15,12/31/15,1/31/16,2/29/16,3/31/16,4/30/16,5/31/16,6/30/16,7/31/16,8/31/16,9/30/16,10/31/16,11/30/16,12/31/16,1/31/17,2/28/17,3/31/17,4/30/17,5/31/17,6/30/17,7/31/17,8/31/17,9/30/17,10/31/17,11/30/17,12/31/17,1/31/18,2/28/18,3/31/18,4/30/18,5/31/18,6/30/18,7/31/18,8/31/18,9/30/18,10/31/18,11/30/18,12/31/18,1/31/19,2/28/19,3/31/19,4/30/19,5/31/19,6/30/19,7/31/19,8/31/19,9/30/19,10/31/19,11/30/19,12/31/19,1/31/20,2/29/20,3/31/20,4/30/20,5/31/20,6/30/20,7/31/20,8/31/20,9/30/20,10/31/20,11/30/20,12/31/20,1/31/21,2/28/21,3/31/21,4/30/21,5/31/21,6/30/21,7/31/21,8/31/21,9/30/21,10/31/21,11/30/21,12/31/21,1/31/22,2/28/22,3/31/22,4/30/22,5/31/22,6/30/22,7/31/22,8/31/22,9/30/22,10/31/22,11/30/22,12/31/22,1/31/23,2/28/23,3/31/23,4/30/23,5/31/23,6/30/23
41176,50,Tampa,city,FL,FL,"Tampa-St. Petersburg-Clearwater, FL",Hillsborough County,1183.694748,1190.411179,1193.791287,1196.834466,1201.510456,1206.14241,1216.357357,1224.589504,1227.595283,1234.587737,1244.463429,1253.015453,1257.84701,1259.09442,1261.033657,1268.988507,1276.262727,1284.767486,1282.960395,1289.844414,1296.684645,1308.839641,1308.798295,1312.903361,1317.593504,1328.775902,1338.925696,1343.05838,1344.975638,1348.753097,1353.806696,1352.09479,1356.677847,1361.350024,1372.996448,1378.329927,1384.76939,1390.326224,1395.0513,1401.828982,1412.502364,1419.616731,1428.219615,1436.474698,1441.320137,1442.22734,1451.326571,1453.430565,1461.308634,1462.417601,1467.406162,1472.756173,1476.473964,1481.926735,1487.807551,1495.719425,1503.459943,1513.148025,1515.666148,1526.344063,1532.237929,1542.970854,1545.090236,1541.282127,1530.012731,1519.548371,1527.702943,1535.623548,1549.327464,1560.188778,1579.805409,1599.354932,1611.666479,1627.693021,1647.244102,1678.750566,1726.49443,,,1900.00438,1948.801146,1994.585361,2021.222131,2050.894451,2085.243221,2112.703148,2138.357232,2160.594994,2178.550483,2187.646077,2185.099485,2179.991912,2181.569355,2186.218507,2202.435695,2212.265859,2221.926547,2231.51738,2240.166676,2244.257328,2241.966816,2238.693375
26922,84,Saint Petersburg,city,FL,FL,"Tampa-St. Petersburg-Clearwater, FL",Pinellas County,986.1911245,990.1220833,1001.211874,1009.91706,1016.658502,1024.564182,1031.833688,1042.075015,1045.993817,1051.569054,1056.736136,1067.272372,1068.029001,1077.423996,1077.482179,1086.338137,1090.447612,1096.101201,1099.303027,1100.911762,1111.244726,1118.145257,1127.674129,1128.92916,1136.58535,1137.815478,1143.801055,1145.372645,1150.569594,1156.970648,1163.937485,1169.357144,1171.964727,1178.477965,1185.03035,1195.300434,1206.037694,1217.201504,1226.715099,1231.880441,1234.76725,1239.219626,1250.26292,1259.545762,1265.866458,1269.734707,1274.606665,1275.847448,1279.103604,1281.404238,1285.414828,1293.357068,1302.458015,1309.373212,1311.431563,1315.949953,1322.668686,1330.176825,1336.555439,1345.722481,1352.206282,1360.717568,1368.245716,1369.961771,1369.205391,1364.167707,1371.581457,1382.081764,1393.892369,1408.806667,1417.818312,1438.506007,1456.844772,1479.614397,1494.214564,1514.884994,1544.578777,,1639.015107,1698.763311,1748.019016,1795.892262,1820.723361,1844.1918,1861.435546,1882.479028,1913.950369,1939.372486,1964.344143,1987.020979,1993.809949,1986.092339,1985.964843,1985.916902,2007.932041,2022.30131,2041.81168,2053.483094,2060.692285,2067.80101,2068.128364,2057.949339
51447,233,Clearwater,city,FL,FL,"Tampa-St. Petersburg-Clearwater, FL",Pinellas County,1008.798358,1009.175367,1023.954841,1036.140827,1045.553857,1048.082299,1049.590838,1057.058184,1065.358538,1069.491393,1076.227757,1081.367693,1082.570415,1082.801677,1085.975368,1090.925208,1092.6516,1092.760493,1096.446013,1100.914216,1107.265537,1112.171445,1119.136199,1128.844149,1141.243982,1150.932017,1147.17159,1144.133543,1150.235964,1163.69733,1171.520643,1171.531816,1172.922664,1182.184838,1180.157174,1181.505647,1189.336146,1200.873345,1212.732613,1220.083657,1225.829328,1234.549212,1235.660638,1239.80587,1240.182307,1245.09108,1249.116999,1259.97391,1261.676734,1264.999901,1269.67605,1277.252082,1282.197345,1281.541772,1288.996114,1297.539627,1307.859176,1310.823473,1319.752616,1320.843677,1325.341746,1327.228499,1341.21703,1331.811603,1322.221842,1318.353741,1325.353648,1340.198176,1352.68214,1374.010657,1392.097537,1403.327605,1412.142098,1420.396504,1444.453615,1486.866987,1528.173476,,,1690.844766,1725.578949,1752.276377,1744.993302,1782.190709,1823.153267,1876.949777,1887.219895,1889.411368,1918.354566,1930.011133,1937.76812,1927.083448,1938.347385,1952.483032,1992.70946,2000.530064,2005.143017,1998.624743,2014.903014,2027.731117,2018.509211,2009.606445
6790,312,Riverview,city,FL,FL,"Tampa-St. Petersburg-Clearwater, FL",Hillsborough County,1286.696737,1291.865545,1290.133866,1292.976476,1302.077212,1308.603424,1315.787273,1315.390668,1317.102371,1322.241335,1328.474239,1336.912322,1334.717924,1340.891899,1338.148609,1346.722795,1345.086472,1350.059788,1349.219281,1358.977412,1366.133396,1371.462038,1373.792929,1372.664562,1384.024223,1388.171705,1402.593049,1402.91809,1409.95291,1411.546976,1419.070642,1422.543121,1425.520782,1430.024408,1436.289602,1445.70802,1446.177824,1448.03679,1445.671559,1452.608659,1458.391832,1464.138397,1465.454944,1467.520897,1468.185852,1474.993309,1488.873207,1493.639989,1499.902567,1497.200327,1503.949913,1507.900453,1511.45728,1516.542853,1523.426461,1529.781239,1538.095037,1541.189156,1538.59782,1542.38571,1547.270865,1559.832215,1570.494194,1573.863173,1575.906908,1574.009025,1580.594503,1582.061553,1604.499437,1627.389248,1661.481242,1676.360205,1689.910601,1703.276406,1721.405401,1751.646217,1797.36822,1854.475305,1908.62878,1966.036164,2011.457729,2062.586727,2103.486814,2130.562856,2150.445398,2161.7216,2187.315838,2205.349977,2223.127154,2234.544899,2234.399723,2235.583432,2235.337584,2231.072417,2229.854565,2247.667919,2269.264384,2293.155669,2303.167132,2312.422239,2311.390435,2308.724593
6172,338,New Port Richey,city,FL,FL,"Tampa-St. Petersburg-Clearwater, FL",Pasco County,996.577386,1001.541141,998.1708557,1005.600312,1010.595822,1012.952383,1019.635234,1022.855823,1029.81764,1032.804238,1036.627479,1038.987279,1047.117373,1053.082938,1057.311535,1060.859221,1059.27045,1068.545971,1073.138679,1085.631114,1093.700283,1095.58322,1096.842893,1096.443375,1105.628363,1108.892815,1115.86678,1113.761046,1126.299377,1125.981503,1130.157051,1133.408644,1138.671154,1146.314276,1154.757141,1161.803292,1165.634832,1171.332106,1179.673262,1178.631209,1182.185955,1189.791815,1196.910617,1203.8363,1198.441602,1205.338285,1211.941157,1224.528655,1230.010753,1236.057135,1238.730497,1252.945036,1256.795009,1261.510944,1264.825554,1266.849912,1278.014086,1279.398197,1280.305668,1277.255394,1278.637769,1279.431449,1302.777858,1321.068539,1324.317112,1324.397626,1337.599909,1355.434877,1359.111478,1356.386323,1371.936582,1388.292813,1414.708349,1422.48008,1436.914629,1437.528888,1490.24697,1539.630296,1583.919907,1608.005338,1654.494371,1719.166843,1766.123257,1794.460659,1803.557667,1816.220571,1841.91234,1857.20758,1872.884659,1884.115124,1885.335173,1902.312972,1907.212411,1903.357793,1903.856288,1919.771446,1941.992997,1971.18838,1983.164338,2010.48501,2008.028048,2012.230765
27219,339,Spring Hill,city,FL,FL,"Tampa-St. Petersburg-Clearwater, FL",Pasco County,953.9861609,963.9615764,970.3760298,977.54366,982.0674433,982.9650309,992.4170054,1003.793482,1015.077203,1019.120882,1014.263339,1016.108178,1008.814485,1011.279936,1020.024077,1031.418505,1040.624859,1041.419289,1045.459152,1047.449219,1050.300277,1055.739456,1064.342077,1070.350327,1084.500818,1082.358477,1084.400977,1077.668754,1085.325969,1096.468384,1100.527298,1104.515174,1103.692377,1110.96151,1123.698764,1136.724045,1144.753168,1150.581188,1154.804755,1162.678554,1170.61685,1173.656075,1176.881996,1180.805493,1188.736643,1192.831592,1193.16874,1195.932543,1201.048391,1218.654473,1227.383608,1236.999611,1239.255335,1245.2111,1253.432935,1261.180256,1267.742339,1272.364094,1276.289511,1278.154816,1278.736556,1273.349652,1289.920004,1292.620213,1304.975645,1304.32196,1309.766814,1320.202657,1338.093821,1356.128066,1383.213903,1401.197844,1428.388599,1445.366086,1452.628749,1467.639889,1502.057294,1548.807498,1585.203129,1630.494361,1680.534936,1729.613898,1769.924507,1801.124444,1808.369,1848.225902,1877.629908,1908.536706,1919.695422,1933.060687,1949.872349,1957.282861,1957.166898,1958.044853,1960.094255,1975.156306,2004.261849,2015.975944,2038.531225,2055.212045,2071.868885,2081.775
12317,344,Largo,city,FL,FL,"Tampa-St. Petersburg-Clearwater, FL",Pinellas County,905.7147724,910.1352644,910.7629171,911.3541969,911.8757866,915.2140885,931.0409732,938.5613477,955.7372972,957.7536792,960.7039131,960.4623229,965.1808189,970.4369222,978.6914008,986.1610237,990.8474178,992.9985868,997.5290216,998.0832831,996.5062521,995.1103773,1001.775758,1004.764267,1017.671582,1025.105942,1035.785799,1030.39388,1041.619299,1040.158989,1042.110076,1040.434721,1044.710389,1056.520066,1061.266883,1074.860691,1078.677144,1087.761653,1089.058495,1103.09566,1099.86354,1106.498955,1104.457,1114.678148,1113.388282,1116.761917,1117.528604,1123.432505,1125.658449,1125.224885,1127.904142,1129.051327,1135.634694,1141.36038,1150.901913,1153.611303,1162.232368,1163.619658,1168.838089,1166.423042,1169.627275,1173.534255,1195.399783,1199.832901,1198.188471,1193.354714,1196.893121,1205.267199,1223.58484,1240.334543,1256.86759,1255.87444,1270.023262,1282.778895,1301.173541,1330.647608,1365.692117,1411.350922,1454.08561,1500.865014,1534.216405,1575.580915,1595.775175,1631.396352,1638.714156,1668.681424,1690.827248,1714.855693,1723.385603,1745.179057,1749.92282,1750.333568,1754.102313,1753.126418,1765.774012,1778.279829,1801.280682,1806.296331,1809.291965,1803.751032,1806.324438,1791.302649
126423,567,Town 'n' Country,city,FL,FL,"Tampa-St. Petersburg-Clearwater, FL",Hillsborough County,1018.658566,1027.562318,1032.871128,1038.218693,1045.925188,1060.773805,1056.585835,1058.185714,1054.578266,1063.583143,1065.018268,1063.096473,1069.381949,1068.424764,1067.78494,1075.423733,1080.3233,1088.661715,1096.287894,1114.453092,1123.321705,1127.115788,1124.715399,1126.670503,1128.149117,1134.108992,1145.51118,1146.206384,1152.777054,1147.022725,1156.72235,1147.311838,1155.11923,1153.644659,1165.55255,1175.211152,1186.323013,1194.365326,1199.642905,1205.317915,1207.773062,1209.529735,1201.83879,1201.617008,1211.118949,1226.975113,1235.220467,1240.066161,1239.622605,1233.863019,1235.175338,1239.53436,1243.888227,1253.915274,1264.102074,1275.50047,1272.397327,1269.660309,1267.555562,1268.4912,1272.626351,1281.775762,1312.598751,1319.546039,1304.375505,1288.114909,1276.807791,1278.124841,1291.018217,1320.06079,1340.45872,1359.975618,1369.557823,1385.418758,1405.785151,1436.317872,1479.943293,1541.493216,1610.348572,1661.743725,1707.188567,1717.496488,1774.019074,1794.493044,1848.783648,1843.344699,1854.718419,1849.723888,1864.080701,1878.600499,1867.00152,1865.945565,1867.416993,1887.212226,1871.883675,1884.331647,1875.911173,1905.3786,1917.992073,1938.579956,1940.848864,1932.003695
10528,574,Brandon,city,FL,FL,"Tampa-St. Petersburg-Clearwater, FL",Hillsborough County,1182.243507,1188.568784,1189.502936,1196.231336,1198.816851,1204.943122,1204.711645,1211.954758,1215.974232,1217.586716,1223.969584,1228.488371,1237.786306,1243.91134,1239.527345,1241.423885,1240.610166,1253.250813,1257.699172,1263.513435,1266.960282,1273.715705,1284.856873,1284.915383,1283.575035,1280.844958,1293.099441,1301.670305,1310.137687,1305.59822,1309.670059,1314.073248,1324.504241,1325.129024,1319.743116,1328.121021,1339.813592,1352.253405,1351.676789,1359.083885,1358.5191,1359.943109,1357.741468,1358.633129,1363.026826,1376.850439,1392.012915,1391.685513,1392.894606,1392.573058,1399.917402,1401.400159,1409.859238,1420.423508,1431.546813,1439.609175,1442.461928,1442.299001,1443.187391,1451.879952,1458.02559,1465.663158,1471.645233,1481.823199,1482.738584,1482.812645,1486.591351,1495.140227,1497.361921,1508.615776,1528.023859,1549.331944,1563.833807,1571.062938,1570.111342,1575.027224,1593.960916,1648.323622,1710.520732,,,1862.367994,1890.861846,1905.662831,1945.556404,1996.787532,2039.476364,2060.783068,2080.469146,2086.122811,2076.540721,2068.38579,2073.381314,2085.398293,2100.319942,2122.644865,2127.790919,2126.508325,2136.173249,2157.700739,2172.369108,2175.116744
21203,633,Wesley Chapel,city,FL,FL,"Tampa-St. Petersburg-Clearwater, FL",Pasco County,1369.908081,1374.140477,1366.84928,1369.21046,1380.664933,1390.795494,1394.788353,1397.957326,1403.678737,1410.961507,1415.924072,1418.919949,1420.55257,1431.194596,1440.031769,1448.255904,1447.724415,1453.083955,1453.353314,1459.908176,1463.606586,1470.196525,1481.416039,1489.297279,1496.457389,1489.06377,1495.251954,1495.707913,1507.337322,1513.805573,1529.786361,1538.217448,1542.397729,1542.764363,1538.773476,1544.605643,1554.31986,1565.178743,1573.455789,1573.197786,1577.574589,1578.519599,1584.235202,1581.957887,1580.55237,1586.020595,1593.914578,1602.410469,1598.826415,1610.141466,1611.589106,1622.304782,1625.373942,1632.504104,1632.394247,1641.006701,1651.593636,1658.015444,1663.721228,1664.851517,1673.667763,1673.054848,1687.997816,1679.955153,1675.685677,1674.329225,1678.242496,1689.540803,1715.138673,1737.757317,1771.322107,1777.711327,1797.210483,1817.47027,1856.99175,1900.199984,1947.396642,2004.425367,2066.966887,2121.793965,2177.920808,2221.631584,2242.8256,2273.769697,2282.580865,2315.308003,2325.850061,2350.706683,2376.050049,2387.498902,2388.163186,2388.323468,2378.970021,2380.984966,2392.992344,2412.843783,2438.064342,2445.21205,2454.782606,2452.147886,2444.448501,2439.46977
13325,662,Plant City,city,FL,FL,"Tampa-St. Petersburg-Clearwater, FL",Hillsborough County,,,,,,,,,,,,,,,,,1075.374599,1087.6127,1090.75265,1092.990169,1093.257273,1096.895595,1102.587192,1111.213379,1105.598104,1101.234616,1104.746812,1102.96931,1112.056313,1118.979781,1130.242,1131.852492,1131.358388,1134.391174,1133.761408,1142.400779,1155.936049,1167.851056,1180.207968,1188.310687,1185.537668,1183.053137,1185.022916,1192.720769,1204.363883,1202.599319,1211.022638,1208.378446,1209.404946,1206.24887,1204.898985,1208.147294,1213.728881,1220.290326,1223.740582,1227.823215,1230.635528,1241.641201,1246.653291,1255.422775,1262.216951,1273.835036,1279.71094,1281.566905,1279.455865,1290.696659,1300.092305,1308.091757,1306.407173,1318.559554,1336.174284,1357.068094,1381.917886,1393.327107,1414.067873,1432.180385,1455.357557,1472.096773,1488.29077,1521.875836,1561.514127,1581.789443,1616.071886,1629.324911,1680.014259,1701.952598,1721.674786,1734.165875,1743.647693,1775.828839,1799.867052,1807.30695,1815.494396,1828.668329,1829.849204,1843.952506,1825.466397,1834.205065,1838.009649,1849.8246,1859.676606,1849.594444
32416,709,Land O Lakes,city,FL,FL,"Tampa-St. Petersburg-Clearwater, FL",Pasco County,1401.880717,1406.863985,1406.348776,1408.933937,1414.909547,1418.983105,1425.686756,1427.634781,1436.817409,1441.583673,1443.830957,1443.910992,1450.251484,1457.670778,1465.057651,1468.545207,1471.876504,1481.072433,1480.578867,1487.98599,1487.270875,1497.767715,1503.364475,1506.006821,1511.942083,1515.191586,1517.736229,1517.850033,1524.008569,1532.039374,1544.093174,1548.324028,1545.531599,1544.345359,1543.469041,1558.362585,1567.672142,1571.982741,1581.195639,1587.089068,1596.902084,1597.459665,1606.956701,1608.486532,1604.778921,1605.870122,1616.887568,1632.874667,1637.830359,1644.847059,1648.685542,1656.915794,1658.932273,1665.843396,1665.605195,1673.666156,1690.574984,1700.318463,1702.827407,1693.700544,1694.949123,1697.316182,1724.187111,1722.915749,1718.461817,1720.423114,1737.939682,1743.952004,1751.569079,1785.835998,1834.786668,1852.185038,1872.985282,1864.373144,1916.227098,1957.960495,2014.739335,2060.359257,2089.487845,2131.448435,2189.018019,2260.421074,2285.314084,2311.201808,2323.734237,2374.171239,2381.867208,2414.345481,2420.900408,2453.062458,2476.215139,2492.375788,2489.314173,2461.304,2463.914765,2485.705671,2509.562923,2514.222689,2516.411835,2504.505042,2501.996837,2481.059343
13167,734,Palm Harbor,city,FL,FL,"Tampa-St. Petersburg-Clearwater, FL",Pinellas County,1176.888877,1182.138196,1171.854987,1160.311138,1170.7731,1186.167622,1201.702209,1197.37128,1193.613994,1193.078201,1197.35764,1199.138416,1210.188187,1226.314926,1248.857135,1254.736968,1254.613942,1247.108939,1240.040716,1246.743369,1254.759074,1269.543307,1274.566629,1282.320137,1279.018799,1275.942088,1275.57103,1286.388725,1292.922333,1295.940475,1304.841,1311.286024,1323.622287,1324.392766,1326.547985,1320.519097,1323.51744,1332.638446,1339.72659,1336.821983,1342.037251,1355.424654,1370.131109,1373.695021,1372.715917,1378.70254,1399.918853,1410.046335,1407.85914,1403.008604,1405.740828,1414.487193,1420.17424,1423.041132,1422.351631,1429.871168,1438.209093,1446.006542,1443.570332,1454.194123,1472.597325,1490.466107,1487.090849,1480.032643,1468.896681,1463.403689,1472.731601,1478.776947,1505.972977,1539.373604,1565.327639,1572.027756,1593.612711,1599.6324,1616.426751,1632.703921,1699.309248,1764.279617,1808.03975,1849.009961,1868.586048,1887.239146,1913.343612,1931.926881,1942.457975,1982.334757,2013.995935,2036.630139,2055.259778,2060.277502,2068.351004,2076.073472,2088.692599,2097.244712,2105.128311,2125.562485,2138.968674,2135.719146,2132.889039,2136.903553,2112.313876,2096.500999
53076,772,Lutz,city,FL,FL,"Tampa-St. Petersburg-Clearwater, FL",Hillsborough County,1245.618461,1239.475087,1247.528727,1240.217799,1252.37188,1251.306665,1258.385105,1258.574719,1269.888768,1280.37655,1287.631644,1297.595023,1290.863889,1294.274397,1291.544398,1309.733408,1311.987335,1323.154997,1328.372153,1339.505094,1338.266684,1320.467815,1327.167743,1327.366772,1354.700191,1358.071516,1370.925958,1377.293569,1383.903212,1392.338009,1393.384842,1390.682573,1391.982803,1401.794011,1400.445709,1411.014234,1417.730532,1440.767659,1438.437058,1446.141947,1440.508212,1449.520181,1454.303181,1463.92762,1468.808944,1488.861776,1486.343248,1490.149201,1495.806668,1490.280627,1499.790692,1500.842329,1514.983003,1515.284064,1523.472471,1528.355112,1536.948662,1532.562043,1545.993278,1549.529933,1548.096334,1551.89875,1570.596728,1586.36896,1585.11223,1587.015436,1601.0043,1604.260088,1624.289511,1630.273271,1651.706468,1666.288002,1685.386354,1718.046284,1739.64954,1765.641189,1790.566329,1837.138811,1894.648608,1955.407581,2015.637369,2074.905019,2125.145098,2135.445022,2131.791252,2134.595569,2160.4221,2194.794479,2212.817543,2227.790964,2218.44464,2213.920008,2202.334059,2200.880383,2194.70968,2225.330306,2263.956142,2288.137263,2296.538766,2294.7913,2309.457422,2313.003124
48210,822,Valrico,city,FL,FL,"Tampa-St. Petersburg-Clearwater, FL",Hillsborough County,1389.783543,1391.003409,1399.765531,1406.322828,1412.408907,1413.73787,1419.156468,1416.024078,1426.13134,1428.338725,1431.937238,1437.394182,1444.978166,1459.72404,1457.942672,1463.696332,1459.164663,1461.438137,1460.468358,1467.008129,1471.241998,1480.593915,1488.907267,1497.633463,1500.409812,1495.334312,1499.831398,1504.978873,1514.251009,1518.513277,1524.326944,1526.71939,1530.191205,1529.634754,1527.165051,1527.171423,1531.086473,1546.123908,1558.036936,1566.290702,1566.539781,1572.788492,1577.850937,1591.128527,1592.799015,1601.861058,1605.149714,1611.691928,1613.169398,1616.687613,1617.629649,1620.069416,1629.277341,1635.490987,1642.83788,1644.488629,1655.058623,1661.418141,1673.888173,1682.909313,1695.651392,1703.256003,1699.48875,1697.949333,1696.559678,1701.621685,1706.656197,1713.502876,1739.441934,1762.31514,1780.952352,1799.472659,1828.2291,1859.776624,1873.092307,1910.326809,1946.678686,1996.989999,2028.979041,2083.512729,2106.143333,2131.86941,2158.878756,2219.363128,2278.040762,2306.502259,2324.914445,2321.877143,2338.476753,2371.95179,2399.455727,2407.38354,2427.863471,2447.950936,2465.329019,2456.881735,2439.782632,2448.042623,2471.884503,2499.022579,2508.592534,2492.616667
55296,1091,Zephyrhills,city,FL,FL,"Tampa-St. Petersburg-Clearwater, FL",Pasco County,,,,,,,,,,,,,,,,,,,,,,,,,,,,,,,,,,1110.526837,1118.877558,1128.341045,1119.669805,1132.932953,1131.659643,1140.212039,1146.428517,1149.799358,1154.093933,1148.160026,1159.714978,1160.857604,1163.700309,1160.721491,1156.550641,1166.274999,1171.494772,1171.050396,1172.456309,1179.125044,1193.279985,1210.882861,1213.603108,1213.12453,1219.407505,1229.132985,1249.342171,1249.722397,1261.456309,1276.862163,1298.080315,1322.65942,1314.446771,1308.192397,1321.755099,1329.596188,1360.453644,1365.333439,1374.304794,1364.28037,1383.579114,1414.617498,1444.930918,1433.015409,1450.417904,1496.256468,1541.730592,1600.580255,1636.73285,,1687.276805,1694.274635,1748.871445,1770.385507,1814.042776,1824.247001,1857.720855,1861.545649,1860.000465,1853.181069,1850.979195,1858.129044,1881.016176,1921.960742,1903.707791,1900.947865,1877.274304,1902.027778
13772,1116,Seminole,city,FL,FL,"Tampa-St. Petersburg-Clearwater, FL",Pinellas County,1133.783051,1138.161883,1155.251255,1164.291391,1162.748553,1167.629165,1180.335189,1192.298092,1196.656032,1201.149871,1214.319322,1215.160946,1212.885798,1224.926157,1229.717158,1237.367884,1251.734944,1262.025494,1268.955299,1284.413709,1283.950616,1290.933466,1259.526953,1269.465654,1275.422994,1300.709143,1307.214233,1319.114039,1300.245927,1299.357149,1295.032158,1291.682732,1307.972646,1324.131673,1349.150708,1349.229515,1352.372985,1350.623073,1357.014721,1352.929494,1361.57597,1359.461931,1372.093898,1372.609623,1374.045621,1375.299502,1374.21736,1396.684218,1413.204123,1419.965212,1426.655729,1437.847566,1452.757554,1467.195754,1471.441008,1482.52478,1485.677833,1486.831859,1492.760854,1482.944634,1476.867264,1475.640152,1485.639077,1497.006722,1517.509659,1525.911256,1529.170408,1541.464317,1583.841958,1599.069189,1594.310072,1578.924233,1558.683827,1620.076617,1646.039804,1715.7122,1683.831575,1723.750224,1751.550566,1846.719392,1911.806249,1984.86851,2005.788331,2042.019262,2093.844039,2114.539093,2149.767766,2127.137642,2168.282397,2200.274393,2230.05778,2191.516439,2170.103547,2160.871316,2204.014771,2241.992122,2268.894879,2275.446284,2291.190429,2320.268794,2359.075436,2363.865801
26512,1183,Pinellas Park,city,FL,FL,"Tampa-St. Petersburg-Clearwater, FL",Pinellas County,,,,,,,,,,,,,,,,,1026.124428,1039.102225,1049.645102,1041.800988,1046.908895,1045.368411,1055.420068,1048.982699,1055.552121,1057.627714,1070.723418,1075.868211,1081.060169,1078.782026,1071.088867,1087.734614,1087.980594,1103.972283,1100.560126,1119.331923,1118.21901,1137.948253,1144.025553,1159.471233,1167.007388,1172.7666,1185.841413,1187.454651,1197.507365,1196.137926,1200.404099,1204.645849,1212.2078,1212.24436,1212.815466,1210.770543,1213.556787,1221.154277,1226.25952,1231.169319,1235.383288,1241.320739,1250.430644,1251.208753,1256.812682,1258.676639,1292.114783,1294.69559,1296.911292,1279.065366,1279.094794,1286.223691,1309.364073,1313.893133,1322.250034,1316.386561,1318.264802,1332.003118,1354.986128,1392.250069,1429.774032,1483.196458,,,1602.757472,1622.828128,1648.751837,1726.852944,1757.222191,1795.669219,1795.666865,1806.704663,1834.565484,1849.423119,1842.985331,1844.157876,1874.515685,1900.988953,1920.512336,1903.722807,1918.919941,1920.900028,1943.882521,1950.375564,1941.516041,1937.242724
20022,1219,Port Richey,city,FL,FL,"Tampa-St. Petersburg-Clearwater, FL",Pasco County,,,,,,,,,,,,,,,,,,,,,,,,,,,,,,,,,,,,,,,,,,,,,,,,,,,,,,,,,,,,,,,,,,,,,,,,,,,,,,,,,,,,,1541.59075,1570.2011,1668.290937,1686.0406,1684.92992,1693.391721,1717.797767,1731.579904,1768.328929,1812.444779,1812.480861,1838.389162,1816.350692,1832.96299,1784.957939,1771.331705,1774.186155,1777.262626
23848,1410,Brooksville,city,FL,FL,"Tampa-St. Petersburg-Clearwater, FL",Hernando County,,,,,,,,,,,,,,,,,,,,,,,,,,,,,,,,,,,,,,,,,,,,,,,,,,,,,,,,,,,,,,,,,,,,,,,,,,,,,,,,,,,,,,,,,,,,,,,,,,,,1652.148962,1682.481463,1699.166667
25206,1414,Hudson,city,FL,FL,"Tampa-St. Petersburg-Clearwater, FL",Pasco County,936.0818324,946.6424537,942.4468566,939.7249914,937.2178954,942.0241966,953.9637237,963.8448571,987.8752331,989.6746656,997.7443891,980.3751657,979.6388858,980.1446689,1001.543644,1013.813217,1022.447529,1020.487431,1015.297835,1015.611311,1019.26715,1027.066141,1031.554148,1033.389611,1044.597035,1054.260974,1051.873664,1055.230939,1059.166257,1081.124309,1097.71375,1102.950543,1092.721248,1091.636747,1086.708666,1115.427538,1114.42096,1118.415872,1118.394874,1132.744434,1154.098522,1159.493831,1171.9004,1161.138991,1167.183591,1171.925452,1196.336281,1196.617517,1210.159798,1215.977751,1228.390755,1228.187576,1223.030309,1223.364037,1221.497842,1242.403191,1256.710379,1266.747603,1262.970665,1261.37829,1262.145618,1266.36405,1279.487186,1283.248191,1291.628626,1294.278059,1297.655158,1294.122986,1325.545155,1343.866945,1365.173253,1392.568641,1416.304671,1444.074758,1439.941334,1502.078161,1522.666313,1561.062205,1543.265376,1587.6774,1632.547045,1685.60526,1715.819171,1721.860921,1773.482215,1780.260409,1810.181175,1765.790606,1816.431948,1851.231379,1914.347217,1919.095312,1907.278678,1894.775631,1906.620734,1929.355106,1916.651334,1933.857677,1951.329372,1987.106734,1967.047483,1948.645503
124275,1711,Egypt Lake-Leto,city,FL,FL,"Tampa-St. Petersburg-Clearwater, FL",Hillsborough County,,,,,,,,,,,,,,,,,,,,,,,,,,,,,,,,,,,,,,,,,,,,,,,,,,,,,,,,,,,,,,,,,,,,,,,,,,,,,,,,,,,,1489.847055,1496.853162,1503.77409,1534.827069,1571.6844,1628.105054,1661.913152,1687.365643,1719.734847,1744.076926,1732.203903,1708.15903,1702.027269,1734.54808,1752.004995,1752.888453,1734.957963,1708.165271,1682.633024
396832,1741,Greater Carrollwood,city,FL,FL,"Tampa-St. Petersburg-Clearwater, FL",Hillsborough County,914.1341453,913.0859313,913.7530627,923.1910076,931.6180917,943.1608562,939.1153852,935.6776413,943.3151086,948.4441533,952.4664952,954.5678328,964.7420965,974.9694846,988.2148821,989.2477911,995.3549039,982.757956,993.3684655,1001.90847,1006.341367,1009.657206,1006.358546,1003.571766,1007.262388,1014.458965,1021.211014,1023.247079,1027.121669,1038.332622,1043.240579,1038.057338,1043.376439,1048.539957,1060.328052,1066.63192,1065.823549,1080.441603,1088.68459,1096.331305,1089.004924,1097.465521,1097.999037,1098.860305,1106.097874,1109.343801,1120.00003,1125.577995,1134.280062,1129.591558,1128.293793,1132.035535,1145.17189,1145.916853,1151.349455,1161.765887,1161.90258,1165.173207,1160.306378,1161.969529,1162.903137,1165.358947,1182.505816,1193.516364,1192.896528,1206.138313,1204.265397,1214.086454,1218.961408,1203.409515,1210.809057,1225.851274,1263.856923,1276.917037,1287.16847,1300.653912,1332.448161,1359.021967,1397.61925,1461.260464,1518.869287,1575.253132,1564.58733,1615.2216,1636.02849,1679.628571,1698.571878,1723.802185,1744.424458,1753.355148,1763.70166,1742.397907,1736.736355,1740.735445,1788.606143,1776.916973,1778.685077,1774.281411,1788.516513,1792.910512,1790.26163,1795.083333
41184,1796,Tarpon Springs,city,FL,FL,"Tampa-St. Petersburg-Clearwater, FL",Pinellas County,,,,,,,,,,,,,,,,1118.334692,1124.922763,1139.699379,1130.794255,1144.092661,1159.848844,1163.965816,1157.762056,1148.328042,1145.735251,1163.655802,1178.713982,1205.905623,1201.276851,1199.62099,1196.51204,1204.062443,1211.554418,1216.604651,1238.554013,1242.389886,1254.383974,1247.201172,1250.551036,1261.531026,1266.601448,1279.066633,1282.625894,1285.722903,1288.848233,1289.334973,1297.62144,1324.335994,1333.524527,1342.309445,1348.989143,1341.872487,1353.78866,1355.938781,1369.826448,1373.128784,1375.2705,1382.24177,1375.977232,1363.88524,1359.26295,1358.906794,1395.119756,1407.857533,1399.943105,1407.780248,1428.837691,1483.678053,1463.426025,1481.180031,1469.974431,1506.816456,1521.346984,1565.012172,1581.657971,1608.091315,1662.267872,1683.914033,1717.153267,1730.508754,1805.077796,1847.146316,1894.961654,1917.445863,1934.476476,1959.19876,1978.411203,2003.467847,2038.063614,2055.688137,2064.394036,2074.754387,2078.033983,2086.177562,2101.855835,2111.934391,2135.905425,2138.931072,2148.131276,2150.670794,2131.405764,2139.525253
4439,1879,Dunedin,city,FL,FL,"Tampa-St. Petersburg-Clearwater, FL",Pinellas County,1063.394705,1070.133107,1047.33096,1035.155934,1051.127252,1081.409251,1093.223448,1099.014063,1088.375178,1100.672225,1094.141755,1095.521072,1103.719123,1129.936605,1147.11961,1165.118018,1154.743622,1155.593236,1147.787554,1142.21904,1135.71017,1146.137693,1180.162863,1194.230094,1195.791535,1167.683062,1172.654821,1174.083069,1192.152952,1197.76567,1198.985338,1218.295778,1260.230697,1265.280419,1256.329827,1234.510242,1245.675804,1272.125786,1261.825544,1275.841352,1268.680246,1292.545222,1307.828138,1330.965727,1319.729258,1330.0516,1337.919392,1337.255185,1349.032476,1351.162661,1371.810854,1375.167033,1392.807993,1389.641527,1399.740878,1394.382852,1406.270318,1417.333584,1434.037917,1470.306122,1482.553403,1501.725168,1463.444663,1452.762448,1442.385942,1437.440953,1452.094145,1476.051443,1499.151522,1492.331217,1543.609039,1552.017124,1587.116848,1584.720263,1636.16062,1690.961201,1742.199579,1775.039987,1847.33017,1899.354467,1943.957306,1944.416147,1938.381778,1944.114009,1979.726168,2027.36383,2046.565595,2072.081891,2066.471397,2090.732447,2071.359805,2067.380974,2066.507182,2112.519601,2131.787012,2156.583631,2150.256774,2151.181871,2152.831555,2142.34278,2156.669744,2156.976716
33774,2108,Ruskin,city,FL,FL,"Tampa-St. Petersburg-Clearwater, FL",Hillsborough County,1222.117249,1214.623582,1212.709327,1217.300027,1222.039433,1231.318859,1230.450114,1238.072984,1245.748539,1250.521483,1242.659854,1240.679119,1242.019689,1270.742496,1282.123967,1287.204405,1284.273802,1282.320816,1282.40428,1283.811184,1281.669894,1300.129003,1303.520748,1310.076883,1297.040236,1286.68523,1299.324907,1308.882648,1314.079728,1315.964547,1316.873482,1330.816604,1337.74482,1354.109159,1368.009887,1367.112705,1370.153773,1371.501777,1366.067505,1375.164679,1380.423467,1394.919331,1394.67414,1388.617108,1388.840747,1373.921808,1374.270668,1368.928799,1406.218309,1423.823932,1432.482184,1432.554759,1439.375637,1440.042424,1452.644285,1462.61707,1472.344477,1484.874295,1490.247635,1506.602575,1489.89061,1488.858081,1478.916674,1489.764274,1496.18482,1492.220075,1509.347343,1519.964367,1541.50089,1577.720963,1591.240457,1612.904836,1617.027366,1671.100751,1701.557682,1722.274086,1754.734998,1825.652907,1856.944001,1872.798825,1892.579443,1924.227765,1986.004579,2000.547196,2051.198534,2047.228232,2089.171648,2133.006206,2156.36205,2136.641559,2154.063044,2190.121469,2217.643776,2226.352711,2222.315682,2248.361358,2260.087208,2284.66401,2289.4035,2292.300253,2304.842774,2330.745098
11940,2154,Holiday,city,FL,FL,"Tampa-St. Petersburg-Clearwater, FL",Pasco County,831.3051158,836.1007288,845.5076753,851.1116302,853.2487924,848.9561574,861.3747328,871.6950778,885.8451717,889.2858626,887.985318,879.6285612,886.2317985,887.8431275,897.9699231,902.0305125,910.4838012,925.7178871,922.9249334,927.3530676,923.3045385,928.1976538,937.2451546,956.0711546,964.2413918,966.6460732,955.8240633,960.5716168,964.461146,970.2211647,974.1594821,978.6986109,987.1333827,987.6841039,995.3124334,996.4145778,1007.315428,1003.385405,1011.927797,1017.509644,1034.032545,1037.34582,1045.505113,1049.040728,1052.835535,1058.143635,1059.813862,1059.741596,1058.317466,1077.238629,1086.466535,1091.791623,1088.180108,1093.024027,1098.740879,1106.573883,1114.227395,1123.455764,1131.263805,1142.179009,1151.183705,1153.293506,1152.737335,1153.80479,1155.467425,1167.021675,1182.3748,1202.072289,1208.178511,1212.058718,1214.806893,1220.569566,1231.506462,1241.949139,1268.389427,1303.732257,1353.856259,1386.142131,1404.503713,1417.793628,1448.30863,1467.562936,1485.251841,1489.869988,1522.568026,1568.245205,1604.351115,1621.826335,1633.888036,1644.158113,1665.675462,1686.60371,1700.05736,1720.65599,1741.817417,1767.77335,1767.796109,1753.694173,1739.318812,1729.890098,1713.874308,1704.340909
34249,2178,Temple Terrace,city,FL,FL,"Tampa-St. Petersburg-Clearwater, FL",Hillsborough County,,,,,,,,,,,,,,,,,1011.279183,1024.145054,1030.91823,1024.728991,1045.526745,1054.550552,1060.635275,1044.174683,1049.877644,1063.749718,1078.366467,1081.868847,1087.705331,1107.844055,1110.534093,1114.531753,1097.461175,1111.055991,1113.021522,1126.218257,1117.355973,1124.647297,1145.566661,1156.935736,1160.666956,1141.729587,1162.314753,1174.15224,1184.141609,1164.240564,,1164.170857,1181.355843,1178.905496,1166.450591,1167.547014,1169.059649,1181.830853,1175.249964,1177.584042,1186.496982,1205.639104,1219.806061,1228.099356,1232.930145,1244.860393,1226.692404,1220.625045,1211.81326,1218.130325,1227.577121,1242.832334,1262.776955,1278.445815,1289.861533,1297.871073,1303.441705,1323.432112,1325.395975,1354.949626,1388.735789,1428.670803,1472.264926,1513.056416,1528.698316,1575.384017,1615.884302,1699.449207,1718.627807,1733.445698,1736.381886,1752.588598,1761.279036,1778.587996,1776.436692,1771.262253,1783.40322,1771.437979,1767.923129,1733.58643,1750.083859,1759.000337,1788.142939,1789.328766,1792.453252,1779.269697
123944,2319,Citrus Park,city,FL,FL,"Tampa-St. Petersburg-Clearwater, FL",Hillsborough County,,,,,,,,,,,,,,,,,,,,,,,,,,,,,,,,,,,,,,,,,,,,,,,,,,,,,,,,,,,,,,,,,,,,,,,,,,,,,,,,,,,,,,,,2329.783555,2346.62938,2368.692476,2418.78014,2408.053852,2415.940317,2412.741185,2393.881434,2382.158172,2364.510238,2391.135546,2403.031353,2393.41706,2389.7717,2374.133333
40132,2326,Odessa,city,FL,FL,"Tampa-St. Petersburg-Clearwater, FL",Hillsborough County,,,,,,,,,,,,,,,,,,,,,,,,,,,,,,,,,,,,,,,,,,,,,,,,,,,,,,,,,,,,,,,,,,,,,,,,,,,,,,,,,1945.853211,1958.904885,2012.880853,2038.064755,2052.030609,2065.186577,2057.087191,2078.543302,2087.309322,2114.714841,2075.399071,2076.199927,2047.81797,2074.980107,2070.479695,2075.913447,2093.700963,2100.530456,2133.983512,2126.59359,2124.574766,2097.955556
33924,2373,Seffner,city,FL,FL,"Tampa-St. Petersburg-Clearwater, FL",Hillsborough County,,,,,,,,,,,,,,,,,,,,,,,,,,,,,,,,1311.219956,1303.244337,1314.310702,1310.467076,1319.030267,1338.608302,1347.177614,1349.949021,1349.176976,1364.386606,1368.261846,1363.347683,1359.356344,1364.696147,1371.657903,1370.783264,1385.518607,1391.643483,1401.188025,1410.258674,1415.89123,1419.209759,1423.126683,1440.774686,1449.2564,1455.696728,1454.423346,1462.634312,1456.190243,1448.983683,1442.990735,1472.412664,1486.845931,1482.556227,1502.069657,1513.806188,1526.116972,1537.637338,1556.447101,1574.661111,1600.589327,1614.395794,1629.488954,1635.207292,1673.132268,1716.038777,1733.760687,1769.620353,1828.506806,1884.780757,1938.432226,1950.974277,1971.843397,1995.250171,2001.188393,2018.063668,2026.470935,2063.487585,2114.517811,2125.732665,2120.031893,2117.446617,2115.937023,2143.631138,2166.590963,2191.254165,2224.721919,2250.370934,2262.587996,2251.951528,2237.563492
396827,2382,East Lake-Orient Park,city,FL,FL,"Tampa-St. Petersburg-Clearwater, FL",Hillsborough County,,,,,,,,,,,,,,,,,,,,,,,,,,,,,,,,,,,,,,,,,,,,,,,,,,,,,,,,,,,,,,,,,1111.909397,1098.622659,1094.861183,1077.188901,1087.082321,1123.107132,1154.527083,1159.33286,1159.861764,1181.77711,1174.107809,1204.344492,1235.937867,1290.654652,1356.35449,1400.688933,1446.762882,1459.700365,1491.271667,1500.937386,1528.485678,1549.27872,1595.143133,1625.975387,1651.177342,1636.008004,1617.460903,1620.22801,1615.323351,1617.0876,1609.682462,1629.79647,1631.650938,1631.953398,1619.089467,1606.666057,1585.448608,1582.416667
48522,2430,Wimauma,city,FL,FL,"Tampa-St. Petersburg-Clearwater, FL",Hillsborough County,,,,,,,,,,,,,,,,,,,,,,,,,,,,,,,,,,,,,,,,,,,,,,,,,,,,,,,,,,,,,,,,,,,,,,,,,,,,,,,,,,,,,,,,,,,,,,,,,2494.463447,2513.112283,2538.984559,2545.202925,2529.158052,2499.944444
27322,2498,Sun City Center,city,FL,FL,"Tampa-St. Petersburg-Clearwater, FL",Hillsborough County,,,,,,,,,,,,,,,,,,,,,,,,,,,,,,,,,,,,,,,,,,,,,,,,,,,,,,,,,,,1548.29259,1580.552069,1611.826757,1637.728058,1576.784251,1560.176397,1537.447048,1536.518287,1555.357222,1595.828437,1595.971305,1602.158005,1631.958696,1661.913317,1688.734392,1660.345157,1669.117153,1672.986406,1747.863675,1823.522893,1870.689976,1908.52544,1892.329403,1948.339467,1976.958332,2080.206147,2091.775153,2123.302363,2156.442261,2191.390134,2218.124306,2220.524455,2230.600797,2234.86384,2298.765177,2303.820285,2324.742115,2277.550194,2303.027151,2341.340068,2367.624367,2393.974838,2381.428072,2381.847375
7876,2648,Westchase,city,FL,FL,"Tampa-St. Petersburg-Clearwater, FL",Hillsborough County,1347.324169,1346.162933,1371.291412,1379.171843,1387.813895,1391.384593,1401.28646,1394.311522,1394.624006,1393.870302,1408.461013,1423.769109,1439.690982,1445.426331,1441.889877,1438.54161,1437.905735,1443.257894,1431.80936,1442.691551,1444.607089,1460.852747,1454.953075,1445.502896,1452.301678,1461.327352,1494.43339,1499.592446,1495.587565,1486.483649,1502.355514,1517.371354,1527.176031,1528.042424,1518.729564,1524.829932,1520.672399,1525.976601,1524.235353,1535.369569,1549.083481,1562.933736,1550.427074,1542.449274,1552.875314,1560.74668,1573.445899,1594.713452,1591.748769,1594.95936,1590.742189,1590.815007,1592.45691,1595.29837,1609.05007,1615.426341,1611.358701,1610.265715,1614.115061,1603.844199,1613.38378,1613.058935,1654.933519,1631.168064,1638.106832,1637.791459,1645.430417,1655.007274,1676.491807,1730.640486,1766.449233,1796.453319,1761.481341,1786.612128,1802.910694,1881.395887,1900.236742,1958.858692,1996.389087,2064.054347,2162.383857,2196.261069,2226.860926,2189.523226,2223.574266,2238.394634,2295.087983,2315.173472,2358.865478,2385.700268,2404.937208,2396.476817,2359.308979,2357.798799,2362.846562,2423.340402,2455.23616,2474.145494,2454.494451,2433.107253,2418.536063,2392.628205
396834,2786,Greater Northdale,city,FL,FL,"Tampa-St. Petersburg-Clearwater, FL",Hillsborough County,,,,,,,,,,,,,,,,,,,,,,,,,,,,,,,,,,,,,,,,,,,,,,,,,,,,,,,,,,,,,,,,,,,,,,,,,,,,,,,,,,1839.922701,1863.605053,1847.364784,1915.609482,1970.768552,1995.128615,1993.186193,2013.164844,2042.640404,2044.722831,2025.407353,2002.491825,2026.174086,2048.314496,2085.724537,2062.937136,2037.032774,2041.131798,2051.152036,2054.847901,2037.444444
19041,2832,Lithia,city,FL,FL,"Tampa-St. Petersburg-Clearwater, FL",Hillsborough County,,,,,,,,,,,,,,,,,,,,,,,,,,,,,,,,,,,,,,,,,,,,,,,,,,,,,,,,,,,,,,,,,,,,,,,,,,,,,,,,2039.295951,2112.754878,2173.888606,2181.598768,2185.470123,2230.002493,2268.081519,2307.591079,2300.543919,2343.526526,2350.141173,2385.84011,2396.418331,2377.819296,2366.058618,2396.197165,2432.459158,2429.897693,2422.714257,2431.519786,2458.117896,2443.16162,2442.208658
16296,2851,Apollo Beach,city,FL,FL,"Tampa-St. Petersburg-Clearwater, FL",Hillsborough County,,,,,,,,,,,,,,,,,,,,,,,,,,,,,,,,,,,,,,,,,,,,,,,,,,,,,,,,,,,,,,,,,,,,,,,,,,,,,,,,,,,,,,2131.911729,2170.333934,2219.969609,2220.450197,2208.569612,2216.6163,2225.186436,2245.5825,2287.605954,2322.221348,2328.084892,2337.031328,2346.769646,2362.910491,2355.438905,2378.386484,2417.373545
396869,2931,Palm River-Clair Mel,city,FL,FL,"Tampa-St. Petersburg-Clearwater, FL",Hillsborough County,,,,,,,,,,,,,,,,,,,,,,,,,,,,,,,,,,,,,,,,,,,,,,,,,,,,,,,,,,,,,,,,,,,,,,,,,,,,,,,,,,,,,,,,,,,2277.583571,2281.380355,2334.915749,2322.517906,2344.84934,2322.474536,2318.424204,2306.071641,2315.505012,2317.261113,2337.246456,2357.746032
44837,3053,Dade City,city,FL,FL,"Tampa-St. Petersburg-Clearwater, FL",Pasco County,,,,,,,,,,,,,,,,,,,,,,,,,,,,,,,,,,,,,,,,,,,,,,,,,,,,,,,,,,,,,,,,,,,,,,,,,,,,,,,,,,,,,,,,,,,,1946.89271,1963.201745,1977.278529,2043.743319,2128.712342,2234.618002,2283.916421,2349.986739,2097.19308,2000.405434,1873.333333
28785,3509,Dover,city,FL,FL,"Tampa-St. Petersburg-Clearwater, FL",Hillsborough County,,,,,,,,,,,,,,,,,,,,,,,,,,,,,,,,,,,,,,,,,,,,,,,,,,,,,,,,,,,,,,,,,,,,,,,,,,,,,,,,,,,,,,,,,,,,,,,,,,,,,,2295
52206,3626,Gibsonton,city,FL,FL,"Tampa-St. Petersburg-Clearwater, FL",Hillsborough County,,,,,,,,,,,,,,,,,,,,,,,,,,,,,,,,,,,,,,,,,,,,,,,,,,,,,,,,,,,,,,,,,,,,,,,,,,,,,,,,1912.358005,1919.300629,1971.172444,1978.690225,2021.546473,2059.455675,2118.143698,2107.081442,2098.332337,2128.679908,2140.998864,2161.233002,2172.037611,2205.651522,2194.220985,2246.499717,2248.29293,2268.798405,2261.773429,2315.527907,2363.155372,2353.671884,2343.059524
26894,4218,Safety Harbor,city,FL,FL,"Tampa-St. Petersburg-Clearwater, FL",Pinellas County,,,,,,,,,,,,,,,,,,,,,,,,,,,,,,,,,,,,,,,,,,,,,,,,,,,,,,,,,,,,,,,,,,,,,,,,,,,,,,,,,,,,,,,,,,,,,,,,,,,,,,2936.25
24990,4887,Gulfport,city,FL,FL,"Tampa-St. Petersburg-Clearwater, FL",Pinellas County,,,,,,,,,,,,,,,,,,,,,,,,,,,,,,,,,,,,,,,,,,,,,,,,,,,,,,,,,,,,,,,,,,,,,,,,,,,,,,,,,1654.760057,1721.207429,1734.530021,1800.608799,,1911.593721,1929.018089,1950.166993,1986.275247,2033.015868,2100.789057,2081.100095,2125.253284,2114.877464,2116.689905,2112.921622,2101.579722,2144.44804,2175.261637,2190.812023,2198.987536,2180.5
125692,5701,Pebble Creek,city,FL,FL,"Tampa-St. Petersburg-Clearwater, FL",Hillsborough County,,,,,,,,,,,,,,,,,,,,,,,,,,,,,,,,,,,,,,,,,,,,,,,,,,,,,,,,,,,,,,,,,,,,,,,,,,,,,,,,,,,,,2043.475177,2070.568505,2046.622813,2080.561889,2069.017567,2075.568981,2089.789606,2070.37762,2058.524531,2039.194502,2075.519822,2091.106618,2104.242393,2099.166916,2121.600449,2102.836344,2108.529484,2094.115079
47525,5956,Saint Pete Beach,city,FL,FL,"Tampa-St. Petersburg-Clearwater, FL",Pinellas County,,,,,,,,,,,,,,,,,,,,,,,,,,,,,,,,,,,,,,,,,,,,,,,,,,,,,,,,,,,,,,,,,,,,,,,,,,,,,,,,,,,1880.925441,2043.464814,2164.800751,2060.088427,2018.162355,2140.515045,2284.760196,2320.956367,2329.297149,2303.092651,2368.92975,2518.080741,2612.573067,2580.595037,2588.017863,2775.820668,2934.489941,2901.642163,2818.838591,2810.928571
34332,7390,Treasure Island,city,FL,FL,"Tampa-St. Petersburg-Clearwater, FL",Pinellas County,,,,,,,,,,,,,,,,,,,,,,,,,,,,,,,,,,,,,,,,,,,,,,,,,,,,,,,,,,,,,,,,,,,,,,,,,,,,,,,,,,,,,,2174.187483,2335.28963,2337.028164,2235.070581,2224.769299,2194.928574,2187.65127,,2304.581064,2427.456771,2541.896928,2572.312938,2502.049697,2499.12071,2572.286193,2753.935679,2885.833333
53103,9944,Madeira Beach,city,FL,FL,"Tampa-St. Petersburg-Clearwater, FL",Pinellas County,,,,,,,,,,,,,,,,,,,,,,,,,,,,,,,,,,,,,,,,,,,,,,,,,,,,,,,,,,,,,,,,,,,,,,,,,,,,,,,,,,,,,,,,,,,,,,,,,,2098.630478,2127.167833,2178.839963,2199.846011,2181.388889
20122,15265,Redington Shores,city,FL,FL,"Tampa-St. Petersburg-Clearwater, FL",Pinellas County,,,,,,,,,,,,,,,,,,,,,,,,,,,,,,,,,,,,,,,,,,,,,,,,,,,,,,,,,,,,,,,,,,,,,,,,,,,,,,,,,,,,,,,,,,,,,,,,,,,,,3525.313441,3666.666667
57177,17214,North Redington Beach,city,FL,FL,"Tampa-St. Petersburg-Clearwater, FL",Pinellas County,,,,,,,,,,,,,,,,,,,,,,,,,,,,,,,,,,,,,,,,,,,,,,,,,,,,,,,,,,,,,,,,,,,,,,,,,,,,,,,,,,,,,,,,,,,,,,,,,,,,,,2701.875
124354,19822,Feather Sound,city,FL,FL,"Tampa-St. Petersburg-Clearwater, FL",Pinellas County,,,,,,,,,,,,,,,,,,,,,,,,,,,,,,,,,,,,,,,,,,,,,,,,,,,,,,,,,,,,,,,,,,,,,,,,,,,,,,,,,,,,,,,,,,,,,,,,,,,,,,2449.5